{"cameraMode":{"drawMode":0,"name":"Shaded","section":"Shading Mode"},"sceneLighting":true,"audioPlay":false,"sceneViewState":{"showFog":true,"showMaterialUpdate":false,"showSkybox":true,"showFlares":true,"showImageEffects":true,"showParticleSystems":true},"in2DMode":false,"pivot":{"x":-1.862645149230957e-9,"y":0.002499948488548398,"z":-1.0},"rotation":{"x":-0.20784442126750947,"y":0.7294180393218994,"z":-0.25229185819625857,"w":-0.6009150147438049},"size":10.831097602844239,"orthographic":false}