{"cameraMode":{"drawMode":0,"name":"Shaded","section":"Shading Mode"},"sceneLighting":true,"audioPlay":false,"sceneViewState":{"showFog":true,"showMaterialUpdate":false,"showSkybox":true,"showFlares":true,"showImageEffects":true,"showParticleSystems":true},"in2DMode":false,"pivot":{"x":0.7025337219238281,"y":2.696803092956543,"z":6.373153209686279},"rotation":{"x":-0.20784442126750947,"y":0.7294180393218994,"z":-0.25229185819625857,"w":-0.6009150147438049},"size":12.901101112365723,"orthographic":false}